{
  "Logistic Regression": {
    "metrics": {
      "accuracy": 0.9283387622149837,
      "precision": 0.9206798866855525,
      "recall": 0.8953168044077136,
      "f1": 0.9078212290502793,
      "mcc": 0.8494470483778381,
      "auc": 0.9705609368365967
    },
    "confusion_matrix": [
      [
        530,
        28
      ],
      [
        38,
        325
      ]
    ],
    "classification_report": {
      "0": {
        "precision": 0.9330985915492958,
        "recall": 0.9498207885304659,
        "f1-score": 0.9413854351687388,
        "support": 558.0
      },
      "1": {
        "precision": 0.9206798866855525,
        "recall": 0.8953168044077136,
        "f1-score": 0.9078212290502793,
        "support": 363.0
      },
      "accuracy": 0.9283387622149837,
      "macro avg": {
        "precision": 0.9268892391174242,
        "recall": 0.9225687964690897,
        "f1-score": 0.9246033321095091,
        "support": 921.0
      },
      "weighted avg": {
        "precision": 0.9282039228570712,
        "recall": 0.9283387622149837,
        "f1-score": 0.9281565461122776,
        "support": 921.0
      }
    }
  },
  "Decision Tree": {
    "metrics": {
      "accuracy": 0.9087947882736156,
      "precision": 0.876010781671159,
      "recall": 0.8953168044077136,
      "f1": 0.885558583106267,
      "mcc": 0.8098942187084771,
      "auc": 0.9064397642110252
    },
    "confusion_matrix": [
      [
        512,
        46
      ],
      [
        38,
        325
      ]
    ],
    "classification_report": {
      "0": {
        "precision": 0.9309090909090909,
        "recall": 0.9175627240143369,
        "f1-score": 0.924187725631769,
        "support": 558.0
      },
      "1": {
        "precision": 0.876010781671159,
        "recall": 0.8953168044077136,
        "f1-score": 0.885558583106267,
        "support": 363.0
      },
      "accuracy": 0.9087947882736156,
      "macro avg": {
        "precision": 0.903459936290125,
        "recall": 0.9064397642110252,
        "f1-score": 0.904873154369018,
        "support": 921.0
      },
      "weighted avg": {
        "precision": 0.9092716465514695,
        "recall": 0.9087947882736156,
        "f1-score": 0.908962558708037,
        "support": 921.0
      }
    }
  },
  "K-Nearest Neighbors": {
    "metrics": {
      "accuracy": 0.9077090119435396,
      "precision": 0.8861111111111111,
      "recall": 0.8787878787878788,
      "f1": 0.8824343015214384,
      "mcc": 0.8064945879037795,
      "auc": 0.9538493438786695
    },
    "confusion_matrix": [
      [
        517,
        41
      ],
      [
        44,
        319
      ]
    ],
    "classification_report": {
      "0": {
        "precision": 0.9215686274509803,
        "recall": 0.9265232974910395,
        "f1-score": 0.9240393208221627,
        "support": 558.0
      },
      "1": {
        "precision": 0.8861111111111111,
        "recall": 0.8787878787878788,
        "f1-score": 0.8824343015214384,
        "support": 363.0
      },
      "accuracy": 0.9077090119435396,
      "macro avg": {
        "precision": 0.9038398692810456,
        "recall": 0.9026555881394591,
        "f1-score": 0.9032368111718005,
        "support": 921.0
      },
      "weighted avg": {
        "precision": 0.9075935151476443,
        "recall": 0.9077090119435396,
        "f1-score": 0.907641251325786,
        "support": 921.0
      }
    }
  },
  "Naive Bayes": {
    "metrics": {
      "accuracy": 0.8327904451682954,
      "precision": 0.7145790554414785,
      "recall": 0.9586776859504132,
      "f1": 0.8188235294117647,
      "mcc": 0.6946381051451154,
      "auc": 0.9374092834503392
    },
    "confusion_matrix": [
      [
        419,
        139
      ],
      [
        15,
        348
      ]
    ],
    "classification_report": {
      "0": {
        "precision": 0.9654377880184332,
        "recall": 0.7508960573476703,
        "f1-score": 0.844758064516129,
        "support": 558.0
      },
      "1": {
        "precision": 0.7145790554414785,
        "recall": 0.9586776859504132,
        "f1-score": 0.8188235294117647,
        "support": 363.0
      },
      "accuracy": 0.8327904451682954,
      "macro avg": {
        "precision": 0.8400084217299558,
        "recall": 0.8547868716490418,
        "f1-score": 0.8317907969639469,
        "support": 921.0
      },
      "weighted avg": {
        "precision": 0.8665651279473859,
        "recall": 0.8327904451682954,
        "f1-score": 0.8345363096378616,
        "support": 921.0
      }
    }
  },
  "Random Forest": {
    "metrics": {
      "accuracy": 0.9435396308360477,
      "precision": 0.9430199430199431,
      "recall": 0.9118457300275482,
      "f1": 0.927170868347339,
      "mcc": 0.8814247387851148,
      "auc": 0.9844090958460461
    },
    "confusion_matrix": [
      [
        538,
        20
      ],
      [
        32,
        331
      ]
    ],
    "classification_report": {
      "0": {
        "precision": 0.9438596491228071,
        "recall": 0.96415770609319,
        "f1-score": 0.9539007092198581,
        "support": 558.0
      },
      "1": {
        "precision": 0.9430199430199431,
        "recall": 0.9118457300275482,
        "f1-score": 0.927170868347339,
        "support": 363.0
      },
      "accuracy": 0.9435396308360477,
      "macro avg": {
        "precision": 0.9434397960713751,
        "recall": 0.938001718060369,
        "f1-score": 0.9405357887835986,
        "support": 921.0
      },
      "weighted avg": {
        "precision": 0.9435286900399191,
        "recall": 0.9435396308360477,
        "f1-score": 0.9433654950648914,
        "support": 921.0
      }
    }
  },
  "XGBoost": {
    "metrics": {
      "accuracy": 0.9457111834961998,
      "precision": 0.931129476584022,
      "recall": 0.931129476584022,
      "f1": 0.931129476584022,
      "mcc": 0.8863266092005095,
      "auc": 0.9859691736524581
    },
    "confusion_matrix": [
      [
        533,
        25
      ],
      [
        25,
        338
      ]
    ],
    "classification_report": {
      "0": {
        "precision": 0.9551971326164874,
        "recall": 0.9551971326164874,
        "f1-score": 0.9551971326164874,
        "support": 558.0
      },
      "1": {
        "precision": 0.931129476584022,
        "recall": 0.931129476584022,
        "f1-score": 0.931129476584022,
        "support": 363.0
      },
      "accuracy": 0.9457111834961998,
      "macro avg": {
        "precision": 0.9431633046002548,
        "recall": 0.9431633046002548,
        "f1-score": 0.9431633046002548,
        "support": 921.0
      },
      "weighted avg": {
        "precision": 0.9457111834961998,
        "recall": 0.9457111834961998,
        "f1-score": 0.9457111834961998,
        "support": 921.0
      }
    }
  }
}