Model,Accuracy,AUC,Precision,Recall,F1,MCC
XGBoost,0.9457111834961998,0.9859691736524581,0.931129476584022,0.931129476584022,0.931129476584022,0.8863266092005095
Random Forest,0.9435396308360477,0.9844090958460461,0.9430199430199431,0.9118457300275482,0.927170868347339,0.8814247387851148
Logistic Regression,0.9283387622149837,0.9705609368365967,0.9206798866855525,0.8953168044077136,0.9078212290502793,0.8494470483778381
Decision Tree,0.9087947882736156,0.9064397642110252,0.876010781671159,0.8953168044077136,0.885558583106267,0.8098942187084771
K-Nearest Neighbors,0.9077090119435396,0.9538493438786695,0.8861111111111111,0.8787878787878788,0.8824343015214384,0.8064945879037795
Naive Bayes,0.8327904451682954,0.9374092834503392,0.7145790554414785,0.9586776859504132,0.8188235294117647,0.6946381051451154
